"Hyb ID"	"Protein"	"Batch ID"	"Gene Name"	"Primary project"	"Pool ID"	"Scan filename"	"Layout"	"File Header"	"Binding conditions"	"Wash conditions"	"Hyb slide condition"	"Assayed by"	"Assay date"	"Slide ID"	"QC/Flagging by"	"Experiment flagged?"	"Hyb_display_ID"	"Motif_display_ID"	"Systematic_ID"	"AA_seq"	"Pfam_RBPs"	"Domain_string"	"Size (aa)"	"Size (nt)"	"Source"	"Construct_full_length"	"Reference"	"Species_display_name"
25	"pTH5853.1"	"phase2"	"HuR"	"Control Protein"	"pool1"	"SlideD1.Pool(Cy3)_HuR(Cy5).550-400.Raw_Data.Aug30_2010"	"024519_D_GeneID_DNAFront_BCBottom_20090708"	"channel 2"	"4deg, standard salt"	"4deg, standard salt"	"New"	"Deb"	"2010-08-28"		"Deb"	10	"HybID00025"	"RNCMPT00112"	"ENSG00000066044"	"MSNGYEDHMAEDCRGDIGRTNLIVNYLPQNMTQDELRSLFSSIGEVESAKLIRDKVAGHSLGYGFVNYVTAKDAERAINTLNGLRLQSKTIKVSYARPSSEVIKDANLYISGLPRTMTQKDVEDMFSRFGRIINSRVLVDQTTGLSRGVAFIRFDKRSEAEEAITSFNGHKPPGSSEPITVKFAANPNQNKNVALLSQLYHSPARRFGGPVHHQAQRFRFSPMGVDHMSGLSGVNVPGNASSGWCIFIYNLGQDADEGILWQMFGPFGAVTNVKVIRDFNTNKCKGFGFVTMTNYEEAAMAIASLNGYRLGDKILQVSFKTNKSH"	"RRM_1,RRM_1,RRM_1"	"RRM"	325	978	"Hughes Lab"	"no"	"This study"	"Homo_sapiens"
26	"pTH7028.1"	"phase2"	"mub"	"Fly RBDs"	"pool1"	"SlideD2.pTH7028(Cy3)_pTH6859(Cy5).550-400.Raw_Data.Aug30_2010"	"024519_D_GeneID_DNAFront_BCBottom_20090708"	"channel 1"	"4deg, standard salt"	"4deg, standard salt"	"New"	"Deb"	"2010-08-28"		"Deb"	0	"HybID00026"											
27	"pTH6859.1"	"phase2"	"CG7082"	"Fly RBDs"	"pool1"	"SlideD2.pTH7028(Cy3)_pTH6859(Cy5).550-400.Raw_Data.Aug30_2010"	"024519_D_GeneID_DNAFront_BCBottom_20090708"	"channel 2"	"4deg, standard salt"	"4deg, standard salt"	"New"	"Deb"	"2010-08-28"		"Deb"	10	"HybID00027"	"RNCMPT00011"	"FBgn0031401"	"MLRNTPFGATPTYKLLLGFGLCSLGGAMLYAYFKTRNDEEEADSGGQRPASGIRGQTEEQKPQKEVCLKIVVDNEHVPLIMGRGGSNIKLIEEKTLAKIRLRDKDSGHKFCDISGVPDAVKAARALLIKEIERAPVVKVELQVPQRLASKINGRGGELLQEIRSSSLAKLNIDLNGRNGKAKITIIGNQKQVNIARKMLDDQIEEDEELVRSMEEVEQRREPRRSPTNSIASSMYSSQTSLSSHTQPRDKLMASKGEGKPMEVYVSAVASPTKFWVQLIGPQSKKLDSMVQEMTSYYSSAENRAKHVLTAPYVGQIVAAVFKFDEKWYRAEIVDIMPNQYNPKEQVIDLYFVDYGDSEYISPADICELRTDFLTLRFQAVECFLANVKSTIQTEPITWPKSSIAKFEELTEVAHWRKLIARVVTYKERPRATTAVSAAAKEGTPLPGVELFDPADNSELNIADLMITQGFALPLDDSYPVRSRSSTPSSNSDSTIEELCVSNPVTPLTPHSPMSMSIDVDSITQAENEHLAQQLQHLQHKLNGNDIKNINPAKLTATDLENGNNNNASTTNGASAH"	"KH_1"	"KH"	576	1731	"Hughes Lab"	"yes"	"This study"	"Drosophila_melanogaster"
28	"pTH6844.1"	"phase2"	"xl6"	"Fly RBDs"	"pool1"	"SlideD3.pTH6844(Cy3)_pTH7012(Cy5).550-400.Aug30_2010"	"024519_D_GeneID_DNAFront_BCBottom_20090708"	"channel 1"	"4deg, standard salt"	"4deg, standard salt"	"New"	"Deb"	"2010-08-28"		"Deb"	0	"HybID00028"											
29	"pTH7012.1"	"phase2"	"Dp1"	"Fly RBDs"	"pool1"	"SlideD3.pTH6844(Cy3)_pTH7012(Cy5).550-400.Aug30_2010"	"024519_D_GeneID_DNAFront_BCBottom_20090708"	"channel 2"	"4deg, standard salt"	"4deg, standard salt"	"New"	"Deb"	"2010-08-28"		"Deb"	0	"HybID00029"											
30	"pTH6756.1"	"phase2"	"mub"	"Fly RBDs"	"pool1"	"SlideD4.pTH6756(Cy3)_pTH6845(Cy5).550-400.Aug30_2010"	"024519_D_GeneID_DNAFront_BCBottom_20090708"	"channel 1"	"4deg, standard salt"	"4deg, standard salt"	"New"	"Deb"	"2010-08-28"		"Deb"	0	"HybID00030"											
31	"pTH6845.1"	"phase2"	"Hrp48"	"Fly RBDs"	"pool1"	"SlideD4.pTH6756(Cy3)_pTH6845(Cy5).550-400.Aug30_2010"	"024519_D_GeneID_DNAFront_BCBottom_20090708"	"channel 2"	"4deg, standard salt"	"4deg, standard salt"	"New"	"Deb"	"2010-08-28"		"Deb"	10	"HybID00031"											
32	"pTH5854.1"	"phase2"	"SF2dRS"	"Control Protein"	"pool1"	"SlideD5.Pool(Cy3)_SF2dRS(Cy5).550-400.Raw_Data.Aug30_2010"	"024519_D_GeneID_DNAFront_BCBottom_20090708"	"channel 2"	"4deg, standard salt"	"4deg, standard salt"	"New"	"Deb"	"2010-08-28"		"Deb"	10	"HybID00032"	"RNCMPT00106"	"ENSG00000136450"	"MSGGGVIRGPAGNNDCRIYVGNLPPDIRTKDIEDVFYKYGAIRDIDLKNRRGGPPFAFVEFEDPRDAEDAVYGRDGYDYDGYRLRVEFPRSGRGTGRGGGGGGGGGAPRGRYGPPSRRSENRVVVSGLPPSGSWQDLKDHMREAGDVCYADVYRDGTGVVEFVRKEDMTYAVRKLDNTKFRSHEGETAYIRVKVDGPRSPSY"	"RRM_1,RRM_1"	"RRM"	202	606	"Ben Blencowe"	"no"	"This study"	"Homo_sapiens"
33	"pTH0000.1"	"phase2"	"pool"	"TechnicalTest"	"pool1"	"SlideD5.Pool(Cy3)_SF2dRS(Cy5).550-400.Raw_Data.Aug30_2010"	"024519_D_GeneID_DNAFront_BCBottom_20090708"	"channel 1"	"4deg, standard salt"	"4deg, standard salt"	"New"	"Deb"	"2010-08-28"		"Deb"	10	"HybID00033"											
34	"pTH6861.1"	"phase2"	"aret"	"Fly RBDs"	"pool1"	"SlideD6.pTH6861(Cy3)_pTH7013(Cy5).550-400.Raw_Data.Aug31_2010"	"024519_D_GeneID_DNAFront_BCBottom_20090708"	"channel 1"	"4deg, standard salt"	"4deg, standard salt"	"New"	"Deb"	"2010-08-28"		"Deb"	10	"HybID00034"	"RNCMPT00270"	"FBgn0000114"	"AAAAGKQIEGPEGCNLFIYHLPQEFTDTDLASTFLPFGNVISAKVFIDKQTSLSKCFGFVSFDNPDSAQVAIKAMNGFQVGTKRLKVQLKKPKDSKPY"	"RRM_1,RRM_1,RRM_1"	"RRM"	98	294	"Hughes Lab"	"yes"	"This study"	"Drosophila_melanogaster"
35	"pTH7013.1"	"phase2"	"Dp1"	"Fly RBDs"	"pool1"	"SlideD6.pTH6861(Cy3)_pTH7013(Cy5).550-400.Raw_Data.Aug31_2010"	"024519_D_GeneID_DNAFront_BCBottom_20090708"	"channel 2"	"4deg, standard salt"	"4deg, standard salt"	"New"	"Deb"	"2010-08-28"		"Deb"	0	"HybID00035"											
